{"cameraMode":{"drawMode":0,"name":"Shaded","section":"Shading Mode"},"sceneLighting":true,"audioPlay":false,"sceneViewState":{"showFog":true,"showMaterialUpdate":false,"showSkybox":true,"showFlares":true,"showImageEffects":true,"showParticleSystems":true},"in2DMode":false,"pivot":{"x":1.849179983139038,"y":1.6829051971435547,"z":14.402694702148438},"rotation":{"x":-0.12145188450813294,"y":0.030365651473402978,"z":-0.0037172562442719938,"w":-0.9921258091926575},"size":1633.3828125,"orthographic":false}